FID;Source;x_co;y_co;Scale;Species;Name;Area_ha;owner;Camp;Camp_1
0;GKM Gps;23,313688412800001;-33,6837997;GPS;C. intermedia; ;0,000000000000000; ; ; 
1;GKM Gps;24,116143517299999;-33,8391991;GPS;C. intermedia; ;0,000000000000000; ; ; 
2;GKM Gps;24,092206800000000;-33,8357010;GPS;C. intermedia; ;0,000000000000000; ; ; 
3;GKM Gps;24,088447800000001;-33,8354988;GPS;C. intermedia; ;0,000000000000000; ; ; 
4;GKM Gps;24,483676800000001;-33,6186981;GPS;C. intermedia; ;0,000000000000000; ; ; 
5;GKM Gps;24,482692300000000;-33,6184006;GPS;C. intermedia; ;0,000000000000000; ; ; 
6;GKM Gps;24,482537842599999;-33,6193008;GPS;C. intermedia; ;0,000000000000000; ; ; 
7;GKM Gps;20,720555000000001;-33,4972000;GPS;C. intermedia; ;0,000000000000000; ; ; 
8;GKM Gps;20,718859738599999;-33,4987984;GPS;C. intermedia; ;0,000000000000000; ; ; 
9;GKM Gps;24,490028165900000;-33,6106987;GPS;C. intermedia; ;0,000000000000000; ; ; 
10;GKM Gps;24,489643821000001;-33,6105995;GPS;C. intermedia; ;0,000000000000000; ; ; 
11;GKM Gps;24,501949797900000;-33,6041985;GPS;C. intermedia; ;0,000000000000000; ; ; 
12;GKM Gps;24,508421931800001;-33,5992012;GPS;C. intermedia; ;0,000000000000000; ; ; 
13;GKM Gps;24,514370584300000;-33,5965996;GPS;C. intermedia; ;0,000000000000000; ; ; 
14;GKM Gps;23,234184997500002;-33,7048988;GPS;C. intermedia; ;0,000000000000000; ; ; 
15;GKM Gps;23,284423157500001;-33,6981010;GPS;C. intermedia; ;0,000000000000000; ; ; 
16;GKM Gps;23,434975159899999;-33,6292000;GPS;C. intermedia; ;0,000000000000000; ; ; 
17;GKM Gps;23,442291246000000;-33,6184998;GPS;C. intermedia; ;0,000000000000000; ; ; 
18;GKM Gps;23,426551592900001;-33,6158981;GPS;C. intermedia; ;0,000000000000000; ; ; 
19;GKM Gps;23,836034890600001;-33,6949997;GPS;C. intermedia; ;0,000000000000000; ; ; 
20;GKM Gps;23,836826970800001;-33,6927986;GPS;C. intermedia; ;0,000000000000000; ; ; 
21;WVW Gps;23,856181027000002;-33,6959000;GPS;C. intermedia; ;0,000000000000000; ; ; 
22;WVW Gps;23,855897004700001;-33,6960983;GPS;C. intermedia; ;0,000000000000000; ; ; 
23;GKM Gps;23,685319891900001;-33,8615990;GPS;C. intermedia; ;0,000000000000000; ; ; 
24;GKM Gps;23,683802424400000;-33,8608017;GPS;C. intermedia; ;0,000000000000000; ; ; 
25;GKM Gps;23,839236856100001;-33,8787003;GPS;C. intermedia; ;0,000000000000000; ; ; 
26;GKM Gps;24,152362039000000;-33,7304001;GPS;C. intermedia; ;0,000000000000000; ; ; 
27;GKM Gps;24,154322017799998;-33,7299995;GPS;C. intermedia; ;0,000000000000000; ; ; 
28;GKM Gps;24,158662493600001;-33,7319984;GPS;C. intermedia; ;0,000000000000000; ; ; 
29;GKM Gps;24,156443120199999;-33,7099991;GPS;C. intermedia; ;0,000000000000000; ; ; 
30;GKM Gps;24,158059860400002;-33,7120018;GPS;C. intermedia; ;0,000000000000000; ; ; 
31;GKM Gps;23,783631271000001;-33,7683983;GPS;C. intermedia; ;0,000000000000000; ; ; 
32;GKM Gps;23,793804351700000;-33,7691994;GPS;C. intermedia; ;0,000000000000000; ; ; 
33;GKM Gps;23,783493330900001;-33,7733994;GPS;C. intermedia; ;0,000000000000000; ; ; 
34;GKM Gps;23,796873518400002;-33,7841988;GPS;C. intermedia; ;0,000000000000000; ; ; 
35;GKM Gps;23,794080231900001;-33,7792015;GPS;C. intermedia; ;0,000000000000000; ; ; 
36;GKM Gps;23,794873387300001;-33,7793999;GPS;C. intermedia; ;0,000000000000000; ; ; 
37;SANBI;24,197754070199998;-33,7657013;1:50 000;C. intermedia; ;0,000000000000000; ; ; 
38;SANBI;24,201172735699998;-33,7605019;1:50 000;C. intermedia; ;0,000000000000000; ; ; 
39;GKM Gps;24,202845990699998;-33,7591019;GPS;C. intermedia; ;0,000000000000000; ; ; 
40;GKM Gps;24,202039454400001;-33,7588005;GPS;C. intermedia; ;0,000000000000000; ; ; 
41;SANBI;21,613014661600001;-33,6786995;1:50 000;C. intermedia; ;0,000000000000000; ; ; 
42;SANBI;21,374496204200000;-33,6255989;1:50 000;C. intermedia; ;0,000000000000000; ; ; 
43;SANBI;22,900582303600000;-33,6250000;1:50 000;C. intermedia; ;0,000000000000000; ; ; 
44;SANBI;22,900378143000001;-33,6244011;1:50 000;C. intermedia; ;0,000000000000000; ; ; 
45;SANBI;22,904361724899999;-33,6225014;1:50 000;C. intermedia; ;0,000000000000000; ; ; 
46;GKM Gps;22,092928304299999;-33,3642006;GPS;C. intermedia; ;0,000000000000000; ; ; 
47;GKM Gps;22,069788106200001;-33,3634987;GPS;C. intermedia; ;0,000000000000000; ; ; 
48;GKM Gps;22,054416403200001;-33,3541985;GPS;C. intermedia; ;0,000000000000000; ; ; 
49;GKM Gps;22,034227999999999;-33,3312988;GPS;C. intermedia; ;0,000000000000000; ; ; 
50;GKM Gps;22,038739000000000;-33,3278008;GPS;C. intermedia; ;0,000000000000000; ; ; 
51;SANBI;22,029287658900000;-33,3292007;1:50 000;C. intermedia; ;0,000000000000000; ; ; 
52;SANBI;22,432883829600001;-33,3787994;1:50 000;C. intermedia; ;0,000000000000000; ; ; 
53;SANBI;21,467893716199999;-33,3704987;1:50 000;C. intermedia; ;0,000000000000000; ; ; 
54;GKM Gps;21,221741999999999;-33,9556007;GPS;C. intermedia; ;0,000000000000000; ; ; 
55;SANBI;20,991242475400000;-33,5555000;1:50 000;C. intermedia; ;0,000000000000000; ; ; 
56;GKM Gps;23,460993299999998;-33,7691994;GPS;C. intermedia; ;0,000000000000000; ; ; 
57;GKM Gps;23,461939300000001;-33,7728004;GPS;C. intermedia; ;0,000000000000000; ; ; 
58;GKM Gps;22,042293141199998;-33,3293991;GPS;C. intermedia; ;0,000000000000000; ; ; 
59;NG;22,759226425600001;-33,4094009;GPS;C. intermedia; ;0,000000000000000; ; ; 
60;NG;22,374645065100001;-33,3753014;GPS;C. intermedia; ;0,000000000000000; ; ; 
61;GKM Gps;23,159621179599998;-33,7574005;GPS;C. intermedia; ;0,000000000000000; ; ; 
62;GKM Gps;23,160860939199999;-33,7589989;GPS;C. intermedia; ;0,000000000000000; ; ; 
63;NG;23,315014000000001;-33,7667007;GPS;C. intermedia; ;0,000000000000000; ; ; 
64;NG;23,708141530900001;-33,7916985;GPS;C. intermedia; ;0,000000000000000; ; ; 
65;NG;23,714383465800001;-33,7761993;GPS;C. intermedia; ;0,000000000000000; ; ; 
66;GKM Gps;23,537168841700002;-33,7414017;GPS;C. intermedia; ;0,000000000000000; ; ; 
67;GKM Gps;23,538974251700001;-33,7402992;GPS;C. intermedia; ;0,000000000000000; ; ; 
68;GKM Gps;23,541421585199998;-33,7420006;GPS;C. intermedia; ;0,000000000000000; ; ; 
69;NG;23,958196140599998;-33,7085991;GPS;C. intermedia; ;0,000000000000000; ; ; 
70;NG;24,125000000000000;-33,8750000;GPS;C. intermedia; ;0,000000000000000; ; ; 
71;NG;24,500586432399999;-33,6481018;GPS;C. intermedia; ;0,000000000000000; ; ; 
72;GKM Gps;25,108663614099999;-33,8157997;GPS;C. intermedia; ;0,000000000000000; ; ; 
73;GKM Gps;25,110390578299999;-33,8157997;GPS;C. intermedia; ;0,000000000000000; ; ; 
74;NG;25,254560707900001;-33,8954010;GPS;C. intermedia; ;0,000000000000000; ; ; 
75;NG;25,255878340500001;-33,8941002;GPS;C. intermedia; ;0,000000000000000; ; ; 
76;NG;25,256317551300000;-33,8923988;GPS;C. intermedia; ;0,000000000000000; ; ; 
77;NG;22,806330398400000;-33,8646011;GPS;C. intermedia; ;0,000000000000000; ; ; 
78;GKM Gps;23,626875400399999;-33,8314018;GPS;C. intermedia; ;0,000000000000000; ; ; 
79;GKM Gps;23,629428615199998;-33,8372002;GPS;C. intermedia; ;0,000000000000000; ; ; 
80;GKM Gps;23,633758466600000;-33,8412018;GPS;C. intermedia; ;0,000000000000000; ; ; 
81;GKM Gps;23,629539624500001;-33,8334007;GPS;C. intermedia; ;0,000000000000000; ; ; 
82;GKM Gps;23,649410295799999;-33,8292007;GPS;C. intermedia; ;0,000000000000000; ; ; 
83;JV;23,729498882000001;-33,0670013;1:250 000;C. intermedia; ;0,000000000000000; ; ; 
84;JV;20,565999173400002;-33,2780991;1:250 000;C. intermedia; ;0,000000000000000; ; ; 
85;JV;20,641047780499999;-33,4084015;1:250 000;C. intermedia; ;0,000000000000000; ; ; 
86;JV;20,628250004200002;-33,5096016;1:250 000;C. intermedia; ;0,000000000000000; ; ; 
87;JV;20,789807555399999;-33,4803009;1:250 000;C. intermedia; ;0,000000000000000; ; ; 
88;JV;20,913620869500001;-33,4313011;1:250 000;C. intermedia; ;0,000000000000000; ; ; 
89;JV;20,965113006399999;-33,5634995;1:250 000;C. intermedia; ;0,000000000000000; ; ; 
90;JV;20,140098370400001;-33,6334000;1:250 000;C. intermedia; ;0,000000000000000; ; ; 
91;JV;20,727105898000001;-33,7784996;1:250 000;C. intermedia; ;0,000000000000000; ; ; 
92;JV;21,474906536900001;-33,6577988;1:250 000;C. intermedia; ;0,000000000000000; ; ; 
93;JV;21,676380304799999;-33,6795998;1:250 000;C. intermedia; ;0,000000000000000; ; ; 
94;JV;21,870365181699999;-33,7116013;1:250 000;C. intermedia; ;0,000000000000000; ; ; 
95;JV;21,909359200899999;-33,8469009;1:250 000;C. intermedia; ;0,000000000000000; ; ; 
96;JV;21,186820739000002;-33,4243011;1:250 000;C. intermedia; ;0,000000000000000; ; ; 
97;JV;21,500271788100001;-33,4140015;1:250 000;C. intermedia; ;0,000000000000000; ; ; 
98;JV;21,869127943700001;-33,3736992;1:250 000;C. intermedia; ;0,000000000000000; ; ; 
99;JV;21,684351225600000;-33,3326988;1:250 000;C. intermedia; ;0,000000000000000; ; ; 
100;JV;21,335233957400000;-33,2962990;1:250 000;C. intermedia; ;0,000000000000000; ; ; 
101;JV;22,222757300500000;-33,2537003;1:250 000;C. intermedia; ;0,000000000000000; ; ; 
102;JV;22,714092758800000;-33,4225006;1:250 000;C. intermedia; ;0,000000000000000; ; ; 
103;JV;22,995170061400000;-33,4202003;1:250 000;C. intermedia; ;0,000000000000000; ; ; 
104;JV;22,089052851800002;-33,8069992;1:250 000;C. intermedia; ;0,000000000000000; ; ; 
105;JV;22,475923197099998;-33,7949982;1:250 000;C. intermedia; ;0,000000000000000; ; ; 
106;JV;22,650327944499999;-33,6380997;1:250 000;C. intermedia; ;0,000000000000000; ; ; 
107;JV;23,210689473399999;-33,3829002;1:250 000;C. intermedia; ;0,000000000000000; ; ; 
108;JV;23,443991678800000;-33,4459000;1:250 000;C. intermedia; ;0,000000000000000; ; ; 
109;JV;24,098333171499998;-33,5369987;1:250 000;C. intermedia; ;0,000000000000000; ; ; 
110;JV;23,282678785900000;-33,6559982;1:250 000;C. intermedia; ;0,000000000000000; ; ; 
111;JV;23,816249072400002;-33,6283989;1:250 000;C. intermedia; ;0,000000000000000; ; ; 
112;JV;23,876264493400001;-33,6907005;1:250 000;C. intermedia; ;0,000000000000000; ; ; 
113;PVR;23,918792778200000;-33,8692017;1:50 000;C. intermedia; ;0,000000000000000; ; ; 
114;PVR;23,884590571000000;-33,8681984;1:50 000;C. intermedia; ;0,000000000000000; ; ; 
115;PVR;23,878782210000001;-33,8731003;1:50 000;C. intermedia; ;0,000000000000000; ; ; 
116;PVR;23,890242722000000;-33,8821983;1:50 000;C. intermedia; ;0,000000000000000; ; ; 
117;PVR;23,890211665700001;-33,8852005;1:50 000;C. intermedia; ;0,000000000000000; ; ; 
118;PVR;23,872417338700000;-33,8843994;1:50 000;C. intermedia; ;0,000000000000000; ; ; 
119;PVR;23,879956777200000;-33,8880005;1:50 000;C. intermedia; ;0,000000000000000; ; ; 
120;PVR;23,944588866299998;-33,8709984;1:50 000;C. intermedia; ;0,000000000000000; ; ; 
121;PVR;23,952593156799999;-33,8727989;1:50 000;C. intermedia; ;0,000000000000000; ; ; 
122;PVR;23,986110256800000;-33,9098015;1:50 000;C. intermedia; ;0,000000000000000; ; ; 
123;PVR;23,902345307099999;-33,8722992;1:50 000;C. intermedia; ;0,000000000000000; ; ; 
124;PVR;23,892790064300002;-33,8732986;1:50 000;C. intermedia; ;0,000000000000000; ; ; 
125;PVR;23,912100641300000;-33,8674011;1:50 000;C. intermedia; ;0,000000000000000; ; ; 
126;PVR;23,842072150800000;-33,8885994;1:50 000;C. intermedia; ;0,000000000000000; ; ; 
127;PVR;23,652157152099999;-33,8235016;1:50 000;C. intermedia; ;0,000000000000000; ; ; 
128;PVR;23,654730224500000;-33,8330002;1:50 000;C. intermedia; ;0,000000000000000; ; ; 
129;PVR;23,658165683499998;-33,8367004;1:50 000;C. intermedia; ;0,000000000000000; ; ; 
130;PVR;23,666931345700000;-33,8446999;1:50 000;C. intermedia; ;0,000000000000000; ; ; 
131;PVR;23,663387242399999;-33,8488007;1:50 000;C. intermedia; ;0,000000000000000; ; ; 
132;PVR;23,673885550900000;-33,8543015;1:50 000;C. intermedia; ;0,000000000000000; ; ; 
133;PVR;23,679561444699999;-33,8643990;1:50 000;C. intermedia; ;0,000000000000000; ; ; 
134;PVR;23,657722124500001;-33,8563995;1:50 000;C. intermedia; ;0,000000000000000; ; ; 
135;PVR;23,662878087199999;-33,8571014;1:50 000;C. intermedia; ;0,000000000000000; ; ; 
136;PVR;24,019053982300001;-33,8771019;1:50 000;C. intermedia; ;0,000000000000000; ; ; 
137;PVR;24,013580801000000;-33,8832016;1:50 000;C. intermedia; ;0,000000000000000; ; ; 
138;PVR;24,001292069600002;-33,8897018;1:50 000;C. intermedia; ;0,000000000000000; ; ; 
139;PVR;24,005483884499998;-33,8949013;1:50 000;C. intermedia; ;0,000000000000000; ; ; 
140;PVR;24,100116367599998;-33,8992004;1:50 000;C. intermedia; ;0,000000000000000; ; ; 
141;PVR;23,955828107399999;-33,8764992;1:50 000;C. intermedia; ;0,000000000000000; ; ; 
142;PVR;23,981094624099999;-33,8806000;1:50 000;C. intermedia; ;0,000000000000000; ; ; 
143;PVR;23,975617197199998;-33,8963013;1:50 000;C. intermedia; ;0,000000000000000; ; ; 
144;SVD;23,737535565500000;-33,7602005;1:250 000;C. intermedia; ;0,000000000000000; ; ; 
145;SVD;23,792619034800001;-33,7818985;1:250 000;C. intermedia; ;0,000000000000000; ; ; 
146;SVD;23,690621973799999;-33,7625008;1:250 000;C. intermedia; ;0,000000000000000; ; ; 
147;SVD;23,587744886300001;-33,7398987;1:250 000;C. intermedia; ;0,000000000000000; ; ; 
148;SVD;23,541990514599998;-33,7302017;1:250 000;C. intermedia; ;0,000000000000000; ; ; 
149;SVD;23,530349862500000;-33,7952995;1:250 000;C. intermedia; ;0,000000000000000; ; ; 
150;SVD;23,450288075800000;-33,7939987;1:250 000;C. intermedia; ;0,000000000000000; ; ; 
151;SVD;23,651071433199998;-33,8507996;1:250 000;C. intermedia; ;0,000000000000000; ; ; 
152;SVD;23,323010275500000;-33,7144012;1:250 000;C. intermedia; ;0,000000000000000; ; ; 
153;SVD;23,280725050899999;-33,7705994;1:250 000;C. intermedia; ;0,000000000000000; ; ; 
154;SVD;23,368165009799998;-33,7700005;1:250 000;C. intermedia; ;0,000000000000000; ; ; 
155;SVD;23,318098173500001;-33,7919998;1:250 000;C. intermedia; ;0,000000000000000; ; ; 
156;SVD;23,798307689400001;-33,8532982;1:250 000;C. intermedia; ;0,000000000000000; ; ; 
157;SVD;23,864783651100002;-33,8643990;1:250 000;C. intermedia; ;0,000000000000000; ; ; 
158;SVD;23,870854429600001;-33,8914986;1:250 000;C. intermedia; ;0,000000000000000; ; ; 
159;SVD;23,966489478800000;-33,8905983;1:250 000;C. intermedia; ;0,000000000000000; ; ; 
160;SVD;23,986818021200001;-33,7191010;1:250 000;C. intermedia; ;0,000000000000000; ; ; 
161;SVD;24,010986323699999;-33,7202988;1:250 000;C. intermedia; ;0,000000000000000; ; ; 
162;SVD;24,152250417499999;-33,7150993;1:250 000;C. intermedia; ;0,000000000000000; ; ; 
163;SVD;24,097634986599999;-33,8350983;1:250 000;C. intermedia; ;0,000000000000000; ; ; 
164;SVD;24,092855834000002;-33,8202019;1:250 000;C. intermedia; ;0,000000000000000; ; ; 
165;SVD;24,017682268500000;-33,8972015;1:250 000;C. intermedia; ;0,000000000000000; ; ; 
166;SVD;24,117718548900001;-33,9294014;1:250 000;C. intermedia; ;0,000000000000000; ; ; 
167;SVD;24,176158500700001;-33,8820000;1:250 000;C. intermedia; ;0,000000000000000; ; ; 
168;DH;23,148957022200001;-33,6579018;1:250 000;C. intermedia; ;0,000000000000000; ; ; 
169;DH;23,168743800000001;-33,6601982;1:250 000;C. intermedia; ;0,000000000000000; ; ; 
170;DH;23,177196266599999;-33,6635017;1:250 000;C. intermedia; ;0,000000000000000; ; ; 
171;DH;23,188538704999999;-33,6531982;1:250 000;C. intermedia; ;0,000000000000000; ; ; 
172;DH;23,200519291799999;-33,6525993;1:250 000;C. intermedia; ;0,000000000000000; ; ; 
173;DH;23,209898129100001;-33,6455994;1:250 000;C. intermedia; ;0,000000000000000; ; ; 
174;DH;23,337465762600001;-33,6307983;1:250 000;C. intermedia; ;0,000000000000000; ; ; 
175;DH;23,455776173200000;-33,6478004;1:250 000;C. intermedia; ;0,000000000000000; ; ; 
176;DH;23,313424689900000;-33,6888008;1:250 000;C. intermedia; ;0,000000000000000; ; ; 
177;DH;23,333739829799999;-33,7069016;1:250 000;C. intermedia; ;0,000000000000000; ; ; 
178;DH;23,361184232700001;-33,7032013;1:250 000;C. intermedia; ;0,000000000000000; ; ; 
179;DH;23,383999123500001;-33,7030983;1:250 000;C. intermedia; ;0,000000000000000; ; ; 
180;DH;23,405454531200000;-33,7032013;1:250 000;C. intermedia; ;0,000000000000000; ; ; 
181;DH;23,455028961099998;-33,7048988;1:250 000;C. intermedia; ;0,000000000000000; ; ; 
182;DH;23,489296156599998;-33,6990013;1:250 000;C. intermedia; ;0,000000000000000; ; ; 
183;DH;23,524510703600001;-33,6938019;1:250 000;C. intermedia; ;0,000000000000000; ; ; 
184;DH;23,556275799800002;-33,7044983;1:250 000;C. intermedia; ;0,000000000000000; ; ; 
185;DH;23,269885891200001;-33,7622986;1:250 000;C. intermedia; ;0,000000000000000; ; ; 
186;DH;23,403846097199999;-33,7659988;1:250 000;C. intermedia; ;0,000000000000000; ; ; 
187;DH;23,310462741900000;-33,7932014;1:250 000;C. intermedia; ;0,000000000000000; ; ; 
188;DH;23,320006666200001;-33,8074989;1:250 000;C. intermedia; ;0,000000000000000; ; ; 
189;DH;23,350499860399999;-33,7000008;1:250 000;C. intermedia; ;0,000000000000000; ; ; 
190;DH;23,357038721199999;-33,7099991;1:250 000;C. intermedia; ;0,000000000000000; ; ; 
191;SS;24,900180357200000;-33,6090012;1:50 000;C. intermedia; ;0,000000000000000; ; ; 
192;SS;24,849881786600001;-33,6044998;1:50 000;C. intermedia; ;0,000000000000000; ; ; 
193;SS;24,858923359300000;-33,5875015;1:50 000;C. intermedia; ;0,000000000000000; ; ; 
194;SS;24,931711628700000;-33,5946007;1:50 000;C. intermedia; ;0,000000000000000; ; ; 
195;SS;24,786320668799998;-33,6425018;1:50 000;C. intermedia; ;0,000000000000000; ; ; 
196;SS;24,810281688000000;-33,6497993;1:50 000;C. intermedia; ;0,000000000000000; ; ; 
197;SS;24,883598459100000;-33,6641006;1:50 000;C. intermedia; ;0,000000000000000; ; ; 
198;AA;23,312742297400000;-33,8753014;GPS;C. intermedia; ;0,000000000000000; ; ; 
199;AA;23,370724881699999;-33,8849983;GPS;C. intermedia; ;0,000000000000000; ; ; 
200;GKM;24,785301005499999;-33,5549011;GPS;C. intermedia; ;0,000000000000000; ; ; 
201;GKM;24,788238024300000;-33,5670013;GPS;C. intermedia; ;0,000000000000000; ; ; 
202;Schutte, 1997;23,064946558300001;-33,5499001;50 000;C. intermedia; ;0,000000000000000; ; ; 
203;Schutte, 1997;23,132919651200002;-33,7998009;50 000;C. intermedia; ;0,000000000000000; ; ; 
204;Schutte, 1997;23,417599675300000;-33,9417000;50 000;C. intermedia; ;0,000000000000000; ; ; 
205;Schutte, 1997;23,427720000000001;-33,7990990;50 000;C. intermedia; ;0,000000000000000; ; ; 
206;Schutte, 1997;20,588035026499998;-33,5348015;50 000;C. intermedia; ;0,000000000000000; ; ; 
207;Schutte, 1997;20,571137509100001;-33,3801994;50 000;C. intermedia; ;0,000000000000000; ; ; 
208;Schutte, 1997;20,935829213200002;-33,5915985;50 000;C. intermedia; ;0,000000000000000; ; ; 
209;Schutte, 1997;21,353965595999998;-33,6444016;50 000;C. intermedia; ;0,000000000000000; ; ; 
210;Schutte, 1997;21,793389669100002;-33,7280998;50 000;C. intermedia; ;0,000000000000000; ; ; 
211;Schutte, 1997;21,876972912999999;-33,8652992;50 000;C. intermedia; ;0,000000000000000; ; ; 
212;Schutte, 1997;20,683038982799999;-34,0005989;50 000;C. intermedia; ;0,000000000000000; ; ; 
213;Schutte, 1997;21,178299025600001;-34,0091019;50 000;C. intermedia; ;0,000000000000000; ; ; 
214;Schutte, 1997;22,050213179499998;-33,8176003;50 000;C. intermedia; ;0,000000000000000; ; ; 
215;Schutte, 1997;24,569775864499999;-33,6195984;50 000;C. intermedia; ;0,000000000000000; ; ; 
216;Schutte, 1997;25,365552272199999;-33,6239014;50 000;C. intermedia; ;0,000000000000000; ; ; 
217;Schutte, 1997;24,800830220700000;-33,6004982;50 000;C. intermedia; ;0,000000000000000; ; ; 
218;Schutte, 1997;24,037618106200000;-33,9427986;50 000;C. intermedia; ;0,000000000000000; ; ; 
219;Schutte, 1997;23,956793436200002;-33,8157005;50 000;C. intermedia; ;0,000000000000000; ; ; 
220;Schutte, 1997;23,862265421000000;-33,8614006;50 000;C. intermedia; ;0,000000000000000; ; ; 
221;Schutte, 1997;23,417990252500001;-33,8646011;50 000;C. intermedia; ;0,000000000000000; ; ; 
222;Schutte, 1997;21,197748553699999;-33,4331017;50 000;C. intermedia; ;0,000000000000000; ; ; 
223;Schutte, 1997;21,563363982500000;-33,4072990;50 000;C. intermedia; ;0,000000000000000; ; ; 
224;Schutte, 1997;22,593684580900000;-33,4194984;50 000;C. intermedia; ;0,000000000000000; ; ; 
225;Schutte, 1997;23,854794552000001;-33,5570984;50 000;C. intermedia; ;0,000000000000000; ; ; 
226;Schutte, 1997;23,795541740600001;-33,6385994;50 000;C. intermedia; ;0,000000000000000; ; ; 
227;Schutte, 1997;25,057155829199999;-33,7616005;50 000;C. intermedia; ;0,000000000000000; ; ; 
228;Schutte, 1997;21,929301262700001;-33,3535004;50 000;C. intermedia; ;0,000000000000000; ; ; 
229;Schutte, 1997;22,331636122199999;-33,3535995;50 000;C. intermedia; ;0,000000000000000; ; ; 
230;Schutte, 1997;23,318981225000002;-33,7725983;50 000;C. intermedia; ;0,000000000000000; ; ; 
231;Schutte, 1997;22,209022827799998;-33,2916985;50 000;C. intermedia; ;0,000000000000000; ; ; 
232;Joubert et al, 2011;23,151375403100001;-33,6040993;1 000 000;C. intermedia; ;0,000000000000000; ; ; 
233;Joubert et al, 2011;23,035974270000001;-33,6537018;1 000 000;C. intermedia; ;0,000000000000000; ; ; 
234;Joubert et al, 2011;23,167338765299998;-33,7308006;1 000 000;C. intermedia; ;0,000000000000000; ; ; 
235;Joubert et al, 2011;23,291643454199999;-33,6478996;1 000 000;C. intermedia; ;0,000000000000000; ; ; 
236;Joubert et al, 2011;23,849630106500001;-33,7319984;1 000 000;C. intermedia; ;0,000000000000000; ; ; 
237;Joubert et al, 2011;24,139508701200000;-33,7069016;1 000 000;C. intermedia; ;0,000000000000000; ; ; 
238;Joubert et al, 2011;24,207468042999999;-33,5737991;1 000 000;C. intermedia; ;0,000000000000000; ; ; 
239;Joubert et al, 2011;24,433710334800001;-33,7314987;1 000 000;C. intermedia; ;0,000000000000000; ; ; 
240;Joubert et al, 2011;24,237670704900001;-33,7677994;1 000 000;C. intermedia; ;0,000000000000000; ; ; 
241;Joubert et al, 2011;24,139713637100002;-33,8758011;1 000 000;C. intermedia; ;0,000000000000000; ; ; 
242;Joubert et al, 2011;24,041786787700001;-33,8648987;1 000 000;C. intermedia; ;0,000000000000000; ; ; 
243;Joubert et al, 2011;23,960433213500000;-33,8614998;1 000 000;C. intermedia; ;0,000000000000000; ; ; 
244;Joubert et al, 2011;23,862265421000000;-33,8614006;1 000 000;C. intermedia; ;0,000000000000000; ; ; 
245;Joubert et al, 2011;24,752400041400001;-33,5685997;1 000 000;C. intermedia; ;0,000000000000000; ; ; 
246;Joubert et al, 2011;24,854920297200000;-33,6147995;1 000 000;C. intermedia; ;0,000000000000000; ; ; 
247;Joubert et al, 2011;25,149392682900000;-33,6740990;1 000 000;C. intermedia; ;0,000000000000000; ; ; 
248;Joubert et al, 2011;22,069433285399999;-33,3613014;1 000 000;C. intermedia; ;0,000000000000000; ; ; 
249;Joubert et al, 2011;20,793500030099999;-34,0023994;1 000 000;C. intermedia; ;0,000000000000000; ; ; 
250;SANBI;24,157499999999999;-33,7150002;mixed;C. intermedia; ;0,000000000000000; ; ; 
251;SANBI;21,467916488600000;-33,3708000;mixed;C. intermedia; ;0,000000000000000; ; ; 
252;SANBI;21,375000000000000;-33,3750000;mixed;C. intermedia; ;0,000000000000000; ; ; 
253;SANBI;20,625000000000000;-33,3750000;mixed;C. intermedia; ;0,000000000000000; ; ; 
254;SANBI;20,875000000000000;-33,6250000;mixed;C. intermedia; ;0,000000000000000; ; ; 
255;SANBI;24,125000000000000;-33,8750000;mixed;C. intermedia; ;0,000000000000000; ; ; 
256;SANBI;22,125000000000000;-33,3750000;mixed;C. intermedia; ;0,000000000000000; ; ; 
257;SANBI;22,750000000000000;-33,4000015;mixed;C. intermedia; ;0,000000000000000; ; ; 
258;SANBI;23,776388888900001;-33,7675018;mixed;C. intermedia; ;0,000000000000000; ; ; 
259;SANBI;24,157499999999999;-33,7150002;mixed;C. intermedia; ;0,000000000000000; ; ; 
260;SANBI;20,625000000000000;-33,6250000;mixed;C. intermedia; ;0,000000000000000; ; ; 
261;SANBI;21,625000000000000;-33,6250000;mixed;C. intermedia; ;0,000000000000000; ; ; 
262;SANBI;21,375000000000000;-33,6250000;mixed;C. intermedia; ;0,000000000000000; ; ; 
263;SANBI;22,125000000000000;-33,3750000;mixed;C. intermedia; ;0,000000000000000; ; ; 
264;SANBI;25,125000000000000;-33,8750000;mixed;C. intermedia; ;0,000000000000000; ; ; 
265;SANBI;23,875000000000000;-33,6250000;mixed;C. intermedia; ;0,000000000000000; ; ; 
266;SANBI;21,125000000000000;-33,8750000;mixed;C. intermedia; ;0,000000000000000; ; ; 
267;SANBI;24,625000000000000;-33,6250000;mixed;C. intermedia; ;0,000000000000000; ; ; 
268;SANBI;21,875000000000000;-33,6250000;mixed;C. intermedia; ;0,000000000000000; ; ; 
269;SANBI;23,875000000000000;-33,6250000;mixed;C. intermedia; ;0,000000000000000; ; ; 
270;SANBI;21,375000000000000;-33,3750000;mixed;C. intermedia; ;0,000000000000000; ; ; 
271;SANBI;22,125000000000000;-33,3750000;mixed;C. intermedia; ;0,000000000000000; ; ; 
272;SANBI;23,375000000000000;-33,8750000;mixed;C. intermedia; ;0,000000000000000; ; ; 
273;SANBI;22,125000000000000;-33,3750000;mixed;C. intermedia; ;0,000000000000000; ; ; 
274;SANBI;24,125000000000000;-33,6250000;mixed;C. intermedia; ;0,000000000000000; ; ; 
275;SANBI;24,125000000000000;-33,6250000;mixed;C. intermedia; ;0,000000000000000; ; ; 
276;SANBI;22,029556274400001;-33,3292999;mixed;C. intermedia; ;0,000000000000000; ; ; 
277;SANBI;22,433139800999999;-33,3787003;mixed;C. intermedia; ;0,000000000000000; ; ; 
278;SANBI;22,900583267199998;-33,6249008;mixed;C. intermedia; ;0,000000000000000; ; ; 
279;SANBI;22,904361724899999;-33,6225014;mixed;C. intermedia; ;0,000000000000000; ; ; 
280;SANBI;22,900527954099999;-33,6242981;mixed;C. intermedia; ;0,000000000000000; ; ; 
281;SANBI;22,900527954099999;-33,6242981;mixed;C. intermedia; ;0,000000000000000; ; ; 
282;SANBI;22,904361724899999;-33,6225014;mixed;C. intermedia; ;0,000000000000000; ; ; 
283;SANBI;22,053972244299999;-33,3545990;mixed;C. intermedia; ;0,000000000000000; ; ; 
284;MS;24,217128596300000;-33,9408989;GPS;C. intermedia;Moria 1;12,405900000000001;Van Huysteen;Moria 1;32
285;MS;24,210353307300000;-33,9429016;GPS;C. intermedia;Moria 2;2,015900000000000;Van Huysteen;Moria 2;33
286;MS;23,919354389199999;-33,8749008;GPS;C. intermedia;Block 1a;22,567599999999999;P. Norris;Block 1a;1
287;MS;23,509359487600001;-33,7891006;GPS;C. intermedia;Block 1;23,594300000000000;G. Kritzinger;Block 1;10
288;MS;23,514237621100001;-33,7891998;GPS;C. intermedia;Block 2;52,886499999999998;G. Kritzinger;Block 2;11
289;MS;23,524372980500001;-33,7900009;GPS;C. intermedia;Block 3;15,618800000000000;G. Kritzinger;Block 3;12
290;MS;23,598375593099998;-33,8070984;GPS;C. intermedia;Block 1;17,625399999999999;D. Du Toit;Block 1;13
291;MS;23,598506533500000;-33,8112984;GPS;C. intermedia;Block 2;2,473200000000000;D. Du Toit;Block 2;14
292;MS;23,598644293100001;-33,8143997;GPS;C. intermedia;block 3;9,138199999999999;D. Du Toit;block 3;15
293;MS;23,590149864600001;-33,8055992;GPS;C. intermedia;Block 4a;11,634600000000001;D. Du Toit;Block 4a;16
294;MS;23,277637171500000;-33,7760010;GPS;C. intermedia;Block 2;34,439799999999998;A. Buurman;Block 2;17
295;MS;23,281128241000001;-33,7719994;GPS;C. intermedia;Block 3;34,993299999999998;A. Buurman;Block 3;18
296;MS;23,277381863500000;-33,7695007;GPS;C. intermedia;Block 4;40,933500000000002;A. Buurman;Block 4;19
297;MS;23,911043419199999;-33,8726997;GPS;C. intermedia;Block 2a;13,103600000000000;P. Norris;Block 2a;2
298;MS;23,290783622399999;-33,7704010;GPS;C. intermedia;Block 5;34,733600000000003;A. Buurman;Block 5;20
299;MS;23,272744026300000;-33,7809982;GPS;C. intermedia;Block 6;18,117000000000001;A. Buurman;Block 6;21
300;MS;23,283514695499999;-33,7829018;GPS;C. intermedia;Block 8a;30,159600000000001;A. Buurman;Block 8a;22
301;MS;23,287753379900000;-33,7830009;GPS;C. intermedia;Block 8b;26,143400000000000;A. Buurman;Block 8b;23
302;MS;23,302022570599998;-33,7822990;GPS;C. intermedia;Block 9;38,381999999999998;A. Buurman;Block 9;24
303;MS;23,305162959699999;-33,7843018;GPS;C. intermedia;Block 11;2,056200000000000;A. Buurman;Block 11;26
304;MS;23,307236834299999;-33,7869987;GPS;C. intermedia;Block 12;4,398600000000000;A. Buurman;Block 12;27
305;MS;23,302967334700000;-33,7941017;GPS;C. intermedia;Block 13;26,194199999999999;A. Buurman;Block 13;28
306;MS;23,294441963699999;-33,7919998;GPS;C. intermedia;Block 14;20,836099999999998;A. Buurman;Block 14;29
307;MS;24,076112880299998;-33,8639984;GPS;C. intermedia;Block 1;57,253500000000003;C. Herschelman;Block 1;3
308;MS;24,082079868899999;-33,8609009;GPS;C. intermedia;Block 2;20,851500000000001;C. Herschelman;Block 2;4
309;MS;24,072658846700001;-33,8586006;GPS;C. intermedia;Block 3;58,246800000000000;C. Herschelman;Block 3;5
310;MS;24,061697920299999;-33,8596992;GPS;C. intermedia;Block 4;45,235700000000001;C. Herschelman;Block 4;6
311;MS;24,054786352899999;-33,8531990;GPS;C. intermedia;Block 5;67,167299999999997;C. Herschelman;Block 5;7
312;MS;23,781869654899999;-33,8041000;GPS;C. intermedia;Block 1;24,925300000000000;Van Der Linde;Block 1;8
313;MS;23,780303528800001;-33,7933998;GPS;C. intermedia;Block 2;15,122400000000001;Van de Linde;Block 2;9
314;MS;23,306468332100000;-33,7837982;GPS;C. intermedia;Block 10;9,452700000000000;A. Buurman;Block 10;25
315;Permit;24,845439739900002;-33,6446991;5000;C. intermedia;Melkhoutboom;25,915700000000001;R.Clotz; ; 
316;Permit;24,854758231900000;-33,6445999;5000;C. intermedia;Melkhoutboom;17,018599999999999;R.Clotz; ; 
317;Permit;24,866227576400000;-33,6161995;5000;C. intermedia;Melkhoutboom;14,296300000000000;R.Clotz; ; 
318;Permit;24,851972616400001;-33,6213989;5000;C. intermedia;Melkhoutboom;12,018800000000001;R.Clotz; ; 
319;Permit;24,847997983100001;-33,6161995;5000;C. intermedia;Melkhoutboom;48,096100000000000;R.Clotz; ; 
320;CS;23,127315424100001;-33,6912994;50 000;C. intermedia;Matt Landgoed;18,806999999999999;Zondagh; ; 
321;CS;23,131979805400000;-33,6954002;50 000;C. intermedia;Matt Landgoed;12,494300000000001;Zondagh; ; 
322;CS;23,126856205599999;-33,7022018;50 000;C. intermedia;Matt Landgoed;18,545400000000001;Zondagh; ; 
323;CS;23,054153089900002;-33,7496986;50 000;C. intermedia;Matt Landgoed;21,933800000000002;Zondagh; ; 
324;CS;23,088300656700000;-33,7500000;50 000;C. intermedia;Matt Landgoed;12,932000000000000;Zondagh; ; 
325;CS;23,190911223299999;-33,7417984;50 000;C. intermedia;Matt Landgoed;18,423400000000001;Zondagh; ; 
326;CS;23,223151047500000;-33,7444992;50 000;C. intermedia;Matt Landgoed;17,998699999999999;Zondagh; ; 
327;CS;23,240243442400001;-33,7481995;50 000;C. intermedia;Matt Landgoed;17,495400000000000;Zondagh; ; 
328;CS;23,242363659599999;-33,7112999;50 000;C. intermedia;Mtn Pastures;37,651299999999999;E. Smit; ; 
329;CS;23,252485856800000;-33,7053986;50 000;C. intermedia;Mtn Pastures;10,048299999999999;E. Smit; ; 
330;CS;23,268839329599999;-33,7065010;50 000;C. intermedia;Mtn Pastures;29,035299999999999;E. Smit; ; 
331;CS;23,275199758199999;-33,7044983;50 000;C. intermedia;Mtn Pastures;15,173000000000000;E. Smit; ; 
332;CS;23,274961272100001;-33,7006989;50 000;C. intermedia;Mtn Pastures;7,916400000000000;E. Smit; ; 
333;CS;23,281882004700002;-33,7008018;50 000;C. intermedia;Mtn Pastures;15,660800000000000;E. Smit; ; 
334;CS;23,285135314400002;-33,6995010;50 000;C. intermedia;Mtn Pastures;17,775600000000001;E. Smit; ; 
335;CS;23,237077590199998;-33,7038002;50 000;C. intermedia;Mtn Pastures;10,571800000000000;E. Smit; ; 
336;CS;23,320636961300000;-33,6879005;50 000;C. intermedia;Narouga;72,574200000000005;Was C. Schutte; ; 
337;CS;23,306655066099999;-33,6855011;50 000;C. intermedia;Narouga;42,707400000000000;Was C. Schutte; ; 
338;CS;23,314317220200000;-33,6856995;50 000;C. intermedia;Narouga;22,331299999999999;Was C. Schutte; ; 
339;CS;23,314717103400000;-33,6811981;50 000;C. intermedia;Narouga;10,847300000000001;Was C. Schutte; ; 
340;CS;23,312438781299999;-33,6763000;50 000;C. intermedia;Narouga;16,779800000000002;Was C. Schutte; ; 
341;CS;23,299395280100001;-33,6757011;50 000;C. intermedia;Narouga;20,992899999999999;Was C. Schutte; ; 
342;CS;23,294367835500001;-33,6677017;50 000;C. intermedia;Narouga;28,533400000000000;Was C. Schutte; ; 
343;CS;23,294294028900001;-33,6601982;50 000;C. intermedia;Narouga;20,681899999999999;Was C. Schutte; ; 
344;CS;23,308560022700000;-33,6584015;50 000;C. intermedia;Narouga;20,690200000000001;Was C. Schutte; ; 
345;CS;23,312761986000002;-33,6657982;50 000;C. intermedia;Narouga;20,115900000000000;Was C. Schutte; ; 
346;CS;23,306448463799999;-33,6405983;50 000;C. intermedia;Susterdal Nature Reserve;13,261400000000000;Eugene Smith; ; 
347;CS;23,313307084300000;-33,6381989;50 000;C. intermedia;Susterdal Nature Reserve;9,349000000000000;Eugene Smith; ; 
348;CS;23,319630531600001;-33,6366997;50 000;C. intermedia;Susterdal Nature Reserve;12,935600000000001;Eugene Smith; ; 
349;CS;23,327071299299998;-33,6348000;50 000;C. intermedia;Susterdal Nature Reserve;6,494700000000000;Eugene Smith; ; 
350;CS;23,322438157899999;-33,6324997;50 000;C. intermedia;Susterdal Nature Reserve;21,963100000000001;Eugene Smith; ; 
351;CS;23,329186230200001;-33,6297989;50 000;C. intermedia;Susterdal Nature Reserve;15,575699999999999;Eugene Smith; ; 
352;CS;23,304313774099999;-33,6286011;50 000;C. intermedia;Susterdal Nature Reserve;15,983800000000000;Eugene Smith; ; 
353;CS;23,317372948100001;-33,6230011;50 000;C. intermedia;Susterdal Nature Reserve;10,244800000000000;Eugene Smith; ; 
354;CS;23,323683181800000;-33,6213989;50 000;C. intermedia;Susterdal Nature Reserve;9,272700000000000;Eugene Smith; ; 
355;CS;23,331261628400000;-33,6192017;50 000;C. intermedia;Susterdal Nature Reserve;13,255699999999999;Eugene Smith; ; 
356;CS;23,314534520399999;-33,6194992;50 000;C. intermedia;Susterdal Nature Reserve;16,869700000000002;Eugene Smith; ; 
357;CS;23,311066698000001;-33,6143990;50 000;C. intermedia;Susterdal Nature Reserve;18,652200000000001;Eugene Smith; ; 
358;CS;23,319486308599998;-33,6110001;50 000;C. intermedia;Susterdal Nature Reserve;16,824100000000001;Eugene Smith; ; 
359;CS;23,327760091399998;-33,6090012;50 000;C. intermedia;Susterdal Nature Reserve;18,706700000000001;Eugene Smith; ; 
360;CS;23,289175381500002;-33,6506996;50 000;C. intermedia;Uitvlugte;49,234699999999997;Loog; ; 
361;CS;23,257910088999999;-33,6409988;50 000;C. intermedia;Uitvlugte;26,093699999999998;Loog; ; 
362;CS;23,268610427700001;-33,6296005;50 000;C. intermedia;Uitvlugte;66,705500000000001;Loog; ; 
363;CS;23,263062442500001;-33,6310997;50 000;C. intermedia;Uitvlugte;40,728200000000001;Loog; ; 
364;CS;23,255622813300000;-33,6223984;50 000;C. intermedia;Uitvlugte;16,292800000000000;Loog; ; 
365;CS;23,243384256500001;-33,6397018;50 000;C. intermedia;Uitvlugte;26,029199999999999;Loog; ; 
366;CS;23,235939941200002;-33,6333008;50 000;C. intermedia;Uitvlugte;44,461100000000002;Loog; ; 
367;CS;23,210714100000001;-33,6537018;50 000;C. intermedia;Uitvlugte;36,123800000000003;Loog; ; 
368;CS;23,207169245599999;-33,6615982;50 000;C. intermedia;Uitvlugte;31,263100000000001;Loog; ; 
369;CS;23,220607053199998;-33,6525993;50 000;C. intermedia;Uitvlugte;18,837399999999999;Loog; ; 
370;CS;23,225052634299999;-33,6505013;50 000;C. intermedia;Uitvlugte;16,671800000000001;Loog; ; 
371;CS;23,234173286499999;-33,6506996;50 000;C. intermedia;Uitvlugte;46,246699999999997;Loog; ; 
372;CS;23,268129687399998;-33,7481003;50 000;C. intermedia;Matt Landgoed;33,697200000000002;Zondagh; ; 
373;CS;23,323351613000000;-33,7874985;50 000;C. intermedia;Jordaanskraal;3,862100000000000;A. Buurman; ; 
374;CS;23,324920622200001;-33,7901001;50 000;C. intermedia;Jordaanskraal;6,119400000000000;A. Buurman; ; 
375;CS;23,325916513799999;-33,7929001;50 000;C. intermedia;Jordaanskraal;4,484600000000000;A. Buurman; ; 
376;CS;23,194157701900000;-33,6100998;50 000;C. intermedia;Uitvlugte;18,501400000000000;Loog; ; 
377;Permit;24,100855416100000;-33,8560982;10 000;C. intermedia;Paradise Valley;127,976200000000006;J.A.de Freitas; ; 
378;Permit;24,775545839599999;-33,6411018;10 000;C. intermedia;Grasneck17;50,283799999999999;H.J.DeJager; ; 
379;Permit;24,301682204799999;-33,8483009;10 000;C. intermedia;Klein Rivier;248,901800000000009;G.J.Duvenage; ; 
380;Permit;24,857221373100000;-33,5877991;10 000;C. intermedia;Rudman - Deaconskloof;1,793900000000000;P.Muller; ; 
381;Permit;24,913043454299999;-33,6142998;10 000;C. intermedia;Rudman - Deaconskloof;1,524800000000000;P.Joubert; ; 
382;Permit;24,916277185599998;-33,6020012;10 000;C. intermedia;Rudman - Deaconskloof;2,647000000000000;P.Joubert; ; 
383;Permit;24,871022240100000;-33,6077995;10 000;C. intermedia;Rudman - Deaconskloof;1,249100000000000;S.Bosman; ; 
384;Permit;24,880994695599998;-33,5993996;10 000;C. intermedia;Rudman - Deaconskloof;1,920800000000000;S.Bosman; ; 
385;Permit;24,487947175599999;-33,8283997;10 000;C. intermedia;Hopkins - Remhoogte;21,481900000000000;Hopkins - Remhoogte; ; 
386;Permit;24,488367572500000;-33,7756996;10 000;C. intermedia;Hopkins - Remhoogte;39,001399999999997;Hopkins - Remhoogte; ; 
387;Permit;24,498698633499998;-33,7848015;10 000;C. intermedia;Hopkins - Remhoogte;33,982799999999997;Hopkins - Remhoogte; ; 
388;Permit;24,515660674900001;-33,7919006;10 000;C. intermedia;Hopkins - Remhoogte;67,728999999999999;Hopkins - Remhoogte; ; 
389;Permit;23,762394753900001;-33,7793999;10 000;C. intermedia;Potgieter - Koesna390;2,975200000000000;Potgieter - Koesna390; ; 
390;Permit;23,760802388199998;-33,7896004;10 000;C. intermedia;Potgieter - Koesna390;6,530000000000000;Potgieter - Koesna390; ; 
391;Permit;23,768955794899998;-33,7909012;10 000;C. intermedia;Potgieter - Koesna390;4,992800000000000;Potgieter - Koesna390; ; 
392;Permit;23,775432234099998;-33,7928009;10 000;C. intermedia;Potgieter - Koesna390;4,005400000000000;Potgieter - Koesna390; ; 
393;Permit;23,763521229399998;-33,7706985;10 000;C. intermedia;Potgieter - Koesna390;3,490600000000000;Potgieter - Koesna390; ; 
394;Permit;23,462416978299999;-33,7729988;10 000;C. intermedia;Jan Hektor Van Niekerksberg;11,197300000000000;Jan Hektor Van Niekerksberg; ; 
395;Permit;23,458067321200001;-33,7719002;10 000;C. intermedia;Jan Hektor Van Niekerksberg;9,552000000000000;Jan Hektor Van Niekerksberg; ; 
396;Permit;23,462167145300000;-33,7904015;10 000;C. intermedia;Jan Hektor Fairview;165,280200000000008;Jan Hektor Fairview; ; 
397;Permit;23,535455496400001;-33,7411995;10 000;C. intermedia;Jan Hektor Eve Brand;9,516900000000000;Jan Hektor Eve Brand; ; 
398;Permit;23,540595485299999;-33,7433014;10 000;C. intermedia;Jan Hektor Eve Brand;2,025000000000000;Jan Hektor Eve Brand; ; 
399;Owner map;23,832493870800000;-33,7192993;10 000;C. intermedia;Klein Rivier;32,283299999999997;Nico Ferreira; ;Honeybush 5
400;Owner map;23,808132182500000;-33,6888008;10 000;C. intermedia;Klein Rivier;20,803599999999999;Nico Ferreira; ;Honeybush 2
401;Owner map;23,820033286099999;-33,6907997;10 000;C. intermedia;Klein Rivier;33,129899999999999;Nico Ferreira; ;Honeybush 3
402;Owner map;23,850574920100001;-33,6981010;10 000;C. intermedia;Klein Rivier;251,666699999999992;Nico Ferreira; ;Honeybush 4
403;Owner map;23,826741159499999;-33,6755981;10 000;C. intermedia;Klein Rivier;124,134500000000003;Nico Ferreira; ;Honeybush 1
404;Owner FG WS;23,570120265900002;-33,8031998;15 000;C. intermedia;Groendal;3,865100000000000;J. Kritzinger; ; 
405;Owner FG WS;23,565386046600000;-33,8023987;15 000;C. intermedia;Groendal;2,930900000000000;J. Kritzinger; ; 
406;Owner FG WS;23,560987089000001;-33,7998009;15 000;C. intermedia;Groendal;2,808000000000000;J. Kritzinger; ; 
407;Owner FG WS;23,555733946000000;-33,7962990;15 000;C. intermedia;Groendal;4,689300000000000;J. Kritzinger; ; 
408;Permit;23,855812653800001;-33,8849983;15 000;C. intermedia;Sekretarisnes;157,390600000000006;B.Pauw; ; 
409;Smith 2011;23,843628341999999;-33,8809013;5000;C. intermedia;Jbt dam;7,362000000000000;Jbt dam; ; 
410;Smith 2011;23,837259771999999;-33,8790016;5000;C. intermedia;Jbt dam;8,252800000000001;Jbt dam; ; 
411;Smith 2011;23,837304294399999;-33,8827019;5000;C. intermedia;Jbt dam;15,427500000000000;Jbt dam; ; 
412;Smith 2011;23,942581003200001;-33,8763008;5000;C. intermedia;Upper Kromme;17,986400000000000;Upper Kromme; ; 
413;Smith 2011;23,946190358700001;-33,8815994;5000;C. intermedia;Upper Kromme;16,109900000000000;Upper Kromme; ; 
414;Smith 2011;23,964071976200000;-33,8781013;5000;C. intermedia;Dwars Rivier;107,967600000000004;Dwars Rivier; ; 
415;Smith 2011;24,082827771800002;-33,9089012;5000;C. intermedia;Hendrikskraal;13,219099999999999;Hendrikskraal; ; 
416;Smith 2011;24,087040759400001;-33,9119987;5000;C. intermedia;Hendrikskraal;22,065200000000001;Hendrikskraal; ; 
417;Smith 2011;24,093442168300001;-33,9085007;5000;C. intermedia;Hendrikskraal;6,340400000000000;Hendrikskraal; ; 
418;Smith 2011;24,095933178199999;-33,9151001;5000;C. intermedia;Hendrikskraal;41,634300000000003;Hendrikskraal; ; 
419;Smith 2011;24,144130594000000;-33,9290009;5000;C. intermedia;Dam se kloof;563,650999999999954;Dam se kloof; ; 
420;Permit;24,867999691800001;-33,5895996;5000;C. intermedia;Rudman - Deaconskloof;1,621000000000000;P.Muller; ; 
421;Permit;24,910868933500002;-33,6152992;5000;C. intermedia;Rudman - Deaconskloof;3,078000000000000;P.Joubert; ; 
422;Permit;24,914558255700001;-33,5982018;5000;C. intermedia;Rudman - Deaconskloof;2,227000000000000;P.Joubert; ; 
423;Permit;24,909101876499999;-33,5960999;5000;C. intermedia;Rudman - Deaconskloof;1,973300000000000;P.Joubert; ; 
424;Permit;24,907591339500001;-33,6081009;5000;C. intermedia;Rudman - Deaconskloof;1,352000000000000;P.Joubert; ; 
425;Permit;24,908532133100000;-33,6099014;5000;C. intermedia;Rudman - Deaconskloof;1,277600000000000;P.Joubert; ; 
426;Permit;24,898503686400002;-33,6082001;5000;C. intermedia;Rudman - Deaconskloof;1,319100000000000;P.Joubert; ; 
427;Permit;24,897403017300000;-33,6064987;5000;C. intermedia;Rudman - Deaconskloof;1,292900000000000;P.Joubert; ; 
428;Permit;24,892870029800001;-33,6068993;5000;C. intermedia;Rudman - Deaconskloof;1,570700000000000;P.Joubert; ; 
429;Permit;24,868642552299999;-33,6044998;5000;C. intermedia;Rudman - Deaconskloof;0,741600000000000;W.Rudman; ; 
430;Permit;24,873763827000001;-33,6100006;5000;C. intermedia;Rudman - Deaconskloof;2,977400000000000;S.Bosman; ; 
431;Permit;24,876024979800000;-33,5999985;5000;C. intermedia;Rudman - Deaconskloof;1,583900000000000;S.Bosman; ; 
432;Permit;24,878523817400001;-33,6029015;5000;C. intermedia;Rudman - Deaconskloof;1,761100000000000;S.Bosman; ; 
433;Permit;24,880265246800001;-33,6086998;5000;C. intermedia;Rudman - Deaconskloof;2,848300000000000;S.Bosman; ; 
434;Permit;24,868364531499999;-33,5942993;5000;C. intermedia;Rudman - Deaconskloof;1,242600000000000;W.Rudman; ; 
435;Permit;24,871973012200002;-33,5927010;5000;C. intermedia;Rudman - Deaconskloof;0,938500000000000;P.Muller; ; 
436;Permit;24,862032853700001;-33,5999985;5000;C. intermedia;Rudman - Deaconskloof;1,467900000000000;W.Rudman; ; 
437;Permit;24,860528845899999;-33,6025009;5000;C. intermedia;Rudman - Deaconskloof;1,494200000000000;W.Rudman; ; 
438;Permit;24,853046947100001;-33,6072998;5000;C. intermedia;Rudman - Deaconskloof;1,336700000000000;W.Rudman; ; 
439;Permit;24,859102327500000;-33,5831985;5000;C. intermedia;P.Muller;2,763900000000000;P.Muller; ; 
440;Permit;24,861801850700001;-33,5836983;5000;C. intermedia;P.Muller;3,071000000000000;P.Muller; ; 
441;Permit;24,863888732700001;-33,6050987;5000;C. intermedia;W.Rudman;1,846800000000000;W.Rudman; ; 
442;Permit;24,866374342400000;-33,6002998;5000;C. intermedia;W.Rudman;1,623000000000000;W.Rudman; ; 
443;Permit;24,869957870899999;-33,6006012;5000;C. intermedia;W.Rudman;2,229800000000000;W.Rudman; ; 
444;Permit;24,892086457500000;-33,6133995;5000;C. intermedia;P.Joubert;0,959700000000000;P.Joubert; ; 
445;Permit;24,889587995900001;-33,6161003;5000;C. intermedia;P.Joubert;1,044400000000000;P.Joubert; ; 
446;Owner map;24,167792108000000;-33,6982994;20 000;C. intermedia;Melmont;11,763299999999999;Q. Nortje;Koudeneks-rante;Hartman
447;Owner map;24,181156376299999;-33,6982994;20 000;C. intermedia;Melmont;6,716700000000000;Q. Nortje;Koudeneks-rante;Hartman
448;Owner map;24,176217035099999;-33,6952019;20 000;C. intermedia;Melmont;12,305300000000001;Q. Nortje;Koudeneks-rante;Hartman
449;Owner map;24,182375323300001;-33,7011986;20 000;C. intermedia;Melmont;4,174400000000000;Q. Nortje;Koudeneks-rante;Hartman
450;Owner map;24,176939935099998;-33,6991997;20 000;C. intermedia;Melmont;8,356700000000000;Q. Nortje;Koudeneks-rante;Hartman
451;Owner map;24,179647490299999;-33,7062988;20 000;C. intermedia;Melmont;21,655500000000000;Q. Nortje;Koudeneks-rante;Hartman
452;Owner map;24,184094630400001;-33,7072983;20 000;C. intermedia;Melmont;7,649400000000000;Q. Nortje;Koudeneks-rante;Hartman
453;Owner map;24,154812372900000;-33,7090988;20 000;C. intermedia;Melmont;36,014400000000002;Q. Nortje;Koudenek;Entkraal
454;Owner map;24,150865335599999;-33,6986008;20 000;C. intermedia;Melmont;35,061000000000000;Q. Nortje;Koudenek;Entkraal
455;Owner map;24,175939873699999;-33,7289009;20 000;C. intermedia;Melmont;49,406700000000001;Q. Nortje;Makateeskloof;Swartbos-nek
456;Owner map;24,167798638800001;-33,7317009;20 000;C. intermedia;Melmont;23,450299999999999;Q. Nortje;Makateeskloof;Swartbos-nek
457;Owner map;24,163173276900000;-33,7364998;20 000;C. intermedia;Melmont;12,092000000000001;Q. Nortje;Makateeskloof;Swartbos-nek
458;Owner map;24,160254158800001;-33,7296982;20 000;C. intermedia;Melmont;3,308300000000000;Q. Nortje;Makateeskloof;Swartbos-nek
459;Owner map;24,127152205100000;-33,7004013;20 000;C. intermedia;Melmont;4,827200000000000;Q. Nortje;Kariega;Kariega
460;Owner map;24,130859956599998;-33,7018013;20 000;C. intermedia;Melmont;4,694400000000000;Q. Nortje;Kariega;Kariega
461;Owner map;24,134924108500002;-33,6954994;20 000;C. intermedia;Melmont;54,616399999999999;Q. Nortje;Kariega;Kariega
462;Owner map;24,125334682500000;-33,6948013;20 000;C. intermedia;Melmont;11,712500000000000;Q. Nortje;Kariega;Kariega
463;Owner map;24,117992276900001;-33,7174988;20 000;C. intermedia;Melmont;5,025100000000000;Q. Nortje;Kariega;Kariega
464;Owner map;24,122971798900000;-33,7159996;20 000;C. intermedia;Melmont;16,687899999999999;Q. Nortje;Kariega;Kariega
465;Owner map;24,124318570800000;-33,7099991;20 000;C. intermedia;Melmont;16,737800000000000;Q. Nortje;Kariega;Kariega
466;Owner map;24,177416800600000;-33,7106018;20 000;C. intermedia;Melmont;14,160000000000000;Q. Nortje;Koudenek;Sandrivier
467;Owner map;24,172675723200001;-33,7136993;20 000;C. intermedia;Melmont;25,603700000000000;Q. Nortje;Koudenek;Sandrivier
468;Owner map;24,183331330900000;-33,7103996;20 000;C. intermedia;Melmont;3,160100000000000;Q. Nortje;Koudenek;Sandrivier
469;Owner map;24,183297555500001;-33,7126999;20 000;C. intermedia;Melmont;1,929100000000000;Q. Nortje;Koudenek;Sandrivier
470;Owner map;24,182020202800000;-33,7145004;20 000;C. intermedia;Melmont;1,914800000000000;Q. Nortje;Koudenek;Sandrivier
471;Owner map;24,182679957100000;-33,7173004;20 000;C. intermedia;Melmont;3,490600000000000;Q. Nortje;Koudenek;Sandrivier
472;Owner map;24,168912839499999;-33,7067986;20 000;C. intermedia;Melmont;21,058399999999999;Q. Nortje;Koudenek;Tweeling
473;Owner map;24,154788972599999;-33,7310982;20 000;C. intermedia;Melmont;21,063700000000001;Q. Nortje;Koudenek;Baken se kop
474;Owner map;24,148491288399999;-33,7276993;20 000;C. intermedia;Melmont;20,725300000000001;Q. Nortje;Koudenek;Baken se kop
475;Owner map;24,140090135299999;-33,7265015;20 000;C. intermedia;Melmont;3,882300000000000;Q. Nortje;Koudenek;Baken se kop
476;Owner map;24,176995940099999;-33,7229004;20 000;C. intermedia;Melmont;4,519100000000000;Q. Nortje;Makateeskloof;Tier se mis
477;Owner map;24,173860808299999;-33,7196999;20 000;C. intermedia;Melmont;4,804400000000000;Q. Nortje;Makateeskloof;Tier se mis
478;Owner map;24,152004547600001;-33,7170982;20 000;C. intermedia;Melmont;2,794500000000000;Q. Nortje;Koudenek;Koudenek
479;Owner map;24,154749115000001;-33,7181015;20 000;C. intermedia;Melmont;2,993200000000000;Q. Nortje;Koudenek;Koudenek
480;Owner map;24,145596616500001;-33,7148018;20 000;C. intermedia;Melmont;12,290800000000001;Q. Nortje;Koudenek;Boesmanrant
481;Owner map;24,141770017500001;-33,7014008;20 000;C. intermedia;Melmont;6,608900000000000;Q. Nortje;Koudenek;Kortklowe
482;Owner map;24,145538237699999;-33,7041016;20 000;C. intermedia;Melmont;3,186500000000000;Q. Nortje;Koudenek;Kortklowe
483;Owner map;24,149315223599999;-33,7050018;20 000;C. intermedia;Melmont;6,962900000000000;Q. Nortje;Koudenek;Kortklowe
484;Owner map;24,143109969499999;-33,6963005;20 000;C. intermedia;Melmont;3,003900000000000;Q. Nortje;Koudenek;Steilkop
485;Owner map;24,198853839000002;-33,7206001;20 000;C. intermedia;Melmont;13,374599999999999;Q. Nortje;Makateeskloof;Saliekloof
486;Owner map;24,190413499800002;-33,7303009;20 000;C. intermedia;Melmont;15,476800000000001;Q. Nortje;Makateeskloof;Saliekloof
487;Owner map;24,159731290300002;-33,6926003;20 000;C. intermedia;Melmont;23,975600000000000;Q. Nortje;Koudeneks-rante;Bloukop
488;Owner map;24,191822347900001;-33,7140999;20 000;C. intermedia;Melmont;40,234999999999999;Q. Nortje;Makateeskloof;Middelkop
489;Owner map;24,199677909300000;-33,7168007;20 000;C. intermedia;Melmont;4,662300000000000;Q. Nortje;Makateeskloof;Middelkop
490;Owner map;24,173982596500000;-33,7350998;20 000;C. intermedia;Melmont;5,411500000000000;Q. Nortje; ; 
491;Owner map;24,172123622299999;-33,7401009;20 000;C. intermedia;Melmont;3,762200000000000;Q. Nortje; ; 
492;Owner map;24,189145709999998;-33,7364998;20 000;C. intermedia;Melmont;3,201500000000000;Q. Nortje; ; 
493;Owner map;24,184760736400001;-33,7224998;20 000;C. intermedia;Melmont;5,185200000000000;Q. Nortje; ; 
494;Owner map;24,149480860400001;-33,7220001;20 000;C. intermedia;Melmont;34,864100000000001;Q. Nortje; ; 
495;Owner map;23,780604635500001;-33,7667007;10 000;C. intermedia;Kritplaas;2,676800000000000;T. Kritzinger; ; Noukloof 1
496;Owner map;23,815643358999999;-33,7663994;10 000;C. intermedia;Kritplaas;3,419400000000000;T. Kritzinger; ;Klein-skietnes
497;Owner map;23,806275162100000;-33,7686005;10 000;C. intermedia;Kritplaas;4,007000000000000;T. Kritzinger; ;Groot-skietnes
498;Owner map;23,794049073899998;-33,7706985;10 000;C. intermedia;Kritplaas;12,572800000000001;T. Kritzinger; ;Hoekop
499;Owner map;23,790819418700000;-33,7708015;10 000;C. intermedia;Kritplaas;2,733300000000000;T. Kritzinger; ;Noukloof 4
500;Owner map;23,788607822500001;-33,7700996;10 000;C. intermedia;Kritplaas;4,441400000000000;T. Kritzinger; ;Noukloof 3
501;Owner map;23,783443286899999;-33,7681007;10 000;C. intermedia;Kritplaas;2,820000000000000;T. Kritzinger; ;Noukloof 2
502;Owner map;23,785658833100001;-33,7756996;10 000;C. intermedia;Kritplaas;4,701600000000000;T. Kritzinger; ;Agter Noukloof
503;Owner map;23,789462265699999;-33,7773018;10 000;C. intermedia;Kritplaas;5,294500000000000;T. Kritzinger; ;Oukop
504;Owner map;23,796880346700000;-33,7837982;10 000;C. intermedia;Kritplaas;8,995799999999999;T. Kritzinger; ;Andries Kamp
505;Owner map;23,796077210400000;-33,7794991;10 000;C. intermedia;Kritplaas;8,367800000000001;T. Kritzinger; ;Vosloo se Kamp
506;Owner map;23,783040430400000;-33,7733994;10 000;C. intermedia;Kritplaas;3,584100000000000;T. Kritzinger; ;Unharvested
507;Owner map;23,778020764600001;-33,7793999;10 000;C. intermedia;Kritplaas;7,332800000000000;T. Kritzinger; ;Hot fire
508;Owner FG WS;23,427071101700001;-33,5859985;20 000;C. intermedia;Bluehills;2,915100000000000;A. Lee; ; 
509;Owner FG WS;23,432240000699998;-33,5960007;20 000;C. intermedia;Bluehills;34,066499999999998;A. Lee; ; 
510;Owner FG WS;23,440276323500001;-33,6164017;20 000;C. intermedia;Bluehills;9,227399999999999;A. Lee; ; 
511;Owner FG WS;23,429902123300000;-33,6175995;20 000;C. intermedia;Bluehills;11,460699999999999;A. Lee; ; 
512;Owner FG WS;23,413960601500001;-33,6076012;20 000;C. intermedia;Bluehills;1,783100000000000;A. Lee; ; 
513;Owner FG WS;23,438745793700001;-33,6049004;20 000;C. intermedia;Bluehills;9,497000000000000;A. Lee; ; 
514;Owner FG WS;23,445847444799998;-33,5872002;20 000;C. intermedia;Bluehills;5,889600000000000;A. Lee; ; 
515;Owner FG WS;23,458312881400001;-33,6105995;20 000;C. intermedia;Bluehills;8,160000000000000;A. Lee; ; 
516;Owner, GPS;23,624927695299998;-33,8219986;20 000;C. intermedia;Louterwater Landgoed;73,665599999999998;C. Muller; ; 
517;Owner, GPS;23,626514996899999;-33,8298988;20 000;C. intermedia;Louterwater Landgoed;53,318600000000004;C. Muller; ; 
518;Owner, GPS;23,645979785000002;-33,8232994;20 000;C. intermedia;Louterwater Landgoed;22,784700000000001;C. Muller; ; 
519;Owner, GPS;23,644164204700001;-33,8372002;20 000;C. intermedia;Louterwater Landgoed;39,126100000000001;C. Muller; ; 
520;Owner, GPS;23,634430389900000;-33,8412018;20 000;C. intermedia;Louterwater Landgoed;20,075299999999999;C. Muller; ; 
521;Permit map (good);24,001912640699999;-33,8844986;10 000;C. intermedia;The Heights, D. Mills;28,028600000000001;Mills; ; 
522;Permit map (good);23,994876336600001;-33,8881989;10 000;C. intermedia;The Heights, D. Mills;48,671799999999998;Mills; ; 
523;Permit map (good);24,000877893300000;-33,8932991;10 000;C. intermedia;The Heights, D. Mills;23,432900000000000;Mills; ; 
524;Permit map (good);23,984486356500000;-33,8824005;10 000;C. intermedia;The Heights, D. Mills;54,036499999999997;Mills; ; 
525;Permit map (good);23,989410196400001;-33,8958015;10 000;C. intermedia;The Heights, D. Mills;33,999299999999998;Mills; ; 
526;Permit map (good);23,999396031400000;-33,8979988;10 000;C. intermedia;The Heights, D. Mills;5,367900000000000;Mills; ; 
527;Kml by D. Rogers, 17/03/2020;23,337601181600000;-33,8821983;10 000;C. intermedia;D. Rogers;55,866199999999999;D. Rogers; ; 
528;Kml by D. Rogers, 17/03/2020;23,364748636700000;-33,8922997;10 000;C. intermedia;D. Rogers;12,235900000000001;D. Rogers; ; 
529;Kml by D. Rogers, 17/03/2020;23,346997791600000;-33,8897018;10 000;C. intermedia & C. subternata;D. Rogesrs;206,445799999999991;D. Rogers; ; 
530;Permit;24,862835927500001;-33,5964012;5000;C. intermedia;Rudman - Deaconskloof;1,468500000000000;W.Rudman; ; 